Certamen;Inter./Nacional;Fecha;Cervecería;Cerveza Ganadora;ESTILO;Medalla;Ciudad
BBA, Brazilian International Beer Awards;Internacional;noviembre 2025;Cerveceria Jester Colaboración con Tierra cervecera;nube voladora;Juicy or Hazy India Pale Ale;PLATA;Santiago
BBA, Brazilian International Beer Awards;Internacional;noviembre 2025;Ceveceria FaRio;Golden Ale;Golden or Blonde Ale;BRONCE;coyhaique
BBA, Brazilian International Beer Awards;Internacional;noviembre 2025;ConsedBeer;Malbec!;Sour Italian Grape Ale;BRONCE;Santiago
BBA, Brazilian International Beer Awards;Internacional;noviembre 2025;INIGUEZ;American Stout;American-Style Stout;BRONCE;CONSTITUCION
BBA, Brazilian International Beer Awards;Internacional;noviembre 2025;Mil Demonios;(i?+m)?=0;American-Style Barley Wine Ale;BRONCE;Santiago
BioBio Beer Cup - Chile;Nacional;diciembre 2025;Agua&Sol;La Maravilla es de SanVI;American-Style Sour Ale;Plata;San Vicente de Tagua Tagua
BioBio Beer Cup - Chile;Nacional;diciembre 2025;Agua&Sol;Mańana Me Chanto;Belgian-Style Fruit Beer;Oro;San Vicente de Tagua Tagua
BioBio Beer Cup - Chile;Nacional;diciembre 2025;Alameda Beer C.;Cielito lindo;Golden or Blonde Ale;Bronce;Santiago
BioBio Beer Cup - Chile;Nacional;diciembre 2025;Alameda Beer C.;San Pato;Classic Irish-Style Dry Stout;Bronce;Santiago
BioBio Beer Cup - Chile;Nacional;diciembre 2025;Ayewun;American Chilli Strong;Chili Pepper Beer;Plata;Concepción
BioBio Beer Cup - Chile;Nacional;diciembre 2025;Ayewun;Chili Stout;Chili Pepper Beer;Bronce;Concepción
BioBio Beer Cup - Chile;Nacional;diciembre 2025;Ayewun;Fuerte y Peligrosa;Imperial Red Ale;Bronce;Concepción
BioBio Beer Cup - Chile;Nacional;diciembre 2025;Ayewun;Parque Laguna;Classic English-Style Pale Ale;Bronce;Concepción
BioBio Beer Cup - Chile;Nacional;diciembre 2025;Ayewun;Rebeldía;British-Style Imperial Stout;Plata;Concepción
BioBio Beer Cup - Chile;Nacional;diciembre 2025;Ayewun;Rebeldía;British-Style Imperial Stout;Best of Show PLATA;Chile
BioBio Beer Cup - Chile;Nacional;diciembre 2025;Bodega Intrinsical;Contrabando;Export-Style Stout;Oro;santiago
BioBio Beer Cup - Chile;Nacional;diciembre 2025;Bodega Intrinsical;serie grape Ale chardonnay;Wild Beer;Bronce;santiago
BioBio Beer Cup - Chile;Nacional;diciembre 2025;Bordelago;Don Alfredo;Vienna-Style Lager;Bronce;Puerto Varas
BioBio Beer Cup - Chile;Nacional;diciembre 2025;Bordelago;Kondor und Adler;German-Style Doppelbock;Plata;Puerto Varas
BioBio Beer Cup - Chile;Nacional;diciembre 2025;Bordelago;La gran Sureńa;American-Style Fruit Beer;Plata;Puerto Varas
BioBio Beer Cup - Chile;Nacional;diciembre 2025;Bordelago;Los Colonos;Munich-Style Helles;Oro;Puerto Varas
BioBio Beer Cup - Chile;Nacional;diciembre 2025;Bosques;Koiwe;Session India Pale Ale;Plata;Puerto Varas
BioBio Beer Cup - Chile;Nacional;diciembre 2025;Bosques;Tropivaras Stout;Export-Style Stout;Plata;Puerto Varas
BioBio Beer Cup - Chile;Nacional;diciembre 2025;Crápula;Avaricia;Belgian-Style Blonde Ale;Bronce;Concepcion
BioBio Beer Cup - Chile;Nacional;diciembre 2025;Crápula;Soberbia;American-Style India Pale Ale;Bronce;Concepcion
BioBio Beer Cup - Chile;Nacional;diciembre 2025;Doctrina Brewing Co;scottish;Scottish-Style Heavy Ale;Plata;Tomé
BioBio Beer Cup - Chile;Nacional;diciembre 2025;El Regreso;Descenso;West Coast-Style India Pale Ale;Oro;Valdivia
BioBio Beer Cup - Chile;Nacional;diciembre 2025;Fuzz Brewery;hell fish;Irish-Style Red Ale;Bronce;Concepcion
BioBio Beer Cup - Chile;Nacional;diciembre 2025;Fuzz Brewery;serenity;Session India Pale Ale;Bronce;Concepcion
BioBio Beer Cup - Chile;Nacional;diciembre 2025;IGEL;Hazy IPA;Juicy or Hazy Pale Ale;Oro;Villarrica
BioBio Beer Cup - Chile;Nacional;diciembre 2025;IGEL;Hazy IPA;Juicy or Hazy Pale Ale;Chile;Chile
BioBio Beer Cup - Chile;Nacional;diciembre 2025;Jester;Double Hazy Biciclo Dolcita - Citra;Juicy or Hazy Imperial or Double India Pale Ale;Oro;Santiago
BioBio Beer Cup - Chile;Nacional;diciembre 2025;Jolgorio;Menamora;Experimental Beer;Oro;Iquique
BioBio Beer Cup - Chile;Nacional;diciembre 2025;Jolgorio;Verde, Amarillo y Rojo;Chili Pepper Beer;Oro;Iquique
BioBio Beer Cup - Chile;Nacional;diciembre 2025;Kahuin;4:20;South German-Style Kristal Weizen;Oro;Santiago
BioBio Beer Cup - Chile;Nacional;diciembre 2025;KÜLT;Golden Light Lager;American-Style Lager;Bronce;SANTIAGO
BioBio Beer Cup - Chile;Nacional;diciembre 2025;Laiz;Ambar Ale;American-Style Amber/Red Ale;Bronce;Paine
BioBio Beer Cup - Chile;Nacional;diciembre 2025;Luthier;Copacabana Stout;American-Style Stout;Oro;Los Angeles
BioBio Beer Cup - Chile;Nacional;diciembre 2025;Luthier;Gastando Lúpulos;American-Style Pale Ale;Oro;Los Angeles
BioBio Beer Cup - Chile;Nacional;diciembre 2025;Luthier;Luna Roja;Irish-Style Red Ale;Oro;Los Angeles
BioBio Beer Cup - Chile;Nacional;diciembre 2025;Luthier;Remolino Grape Ale;Grape Ale;Plata;Los Angeles
BioBio Beer Cup - Chile;Nacional;diciembre 2025;Mad Charlie's;AMERICAN AMBER ALE;American-Style Amber/Red Ale;Oro;Valdivia
BioBio Beer Cup - Chile;Nacional;diciembre 2025;Monito del Monte;Monito Tepador;Herb and Spice Beer;Plata;Hornopirén
BioBio Beer Cup - Chile;Nacional;diciembre 2025;Mystika;TROPICAL PICA;American-Style Fruited Sour Ale;Bronce;VALDIVIA
BioBio Beer Cup - Chile;Nacional;diciembre 2025;NOGG;American Wheat;American-Style Wheat Beer;Bronce;machali
BioBio Beer Cup - Chile;Nacional;diciembre 2025;NOGG;Make It Better;Juicy or Hazy India Pale Ale;Bronce;machali
BioBio Beer Cup - Chile;Nacional;diciembre 2025;NYD Bier;AVELLANA STOUT;Field Beer;Oro;SANTIAGO
BioBio Beer Cup - Chile;Nacional;diciembre 2025;Porteńa;penco is calling;Scottish-Style Export Ale;Oro;Concepcion
BioBio Beer Cup - Chile;Nacional;diciembre 2025;Stu Cerveza;Hazy Ipa;Juicy or Hazy India Pale Ale;Plata;Concepción
BioBio Beer Cup - Chile;Nacional;diciembre 2025;Trippy;MOKATRIP;Coffee Beer;Plata;San Pedro de la Paz
BioBio Beer Cup - Chile;Nacional;diciembre 2025;Trippy;NO BAD DAYS;Scottish-Style Export Ale;Bronce;San Pedro de la Paz
BioBio Beer Cup - Chile;Nacional;diciembre 2025;Trippy;NO RULES;Grape Ale;Best of Show PLATA;San Pedro de la Paz
BioBio Beer Cup - Chile;Nacional;diciembre 2025;Trippy;NO RULES;Grape Ale;Bronce;San Pedro de la Paz
BioBio Beer Cup - Chile;Nacional;diciembre 2025;Trippy;TOCINEITOR;Bamberg-Style Maerzen Rauchbier;Bronce;San Pedro de la Paz
BioBio Beer Cup - Chile;Nacional;diciembre 2025;WIZüFE;Cerveza Amber;American-Style Amber/Red Ale;Plata;Chillan
Concursos Brasil Cup - Brasil;Internacional;agosto 2025;Bordelago;Carpintero Negro;Irish Dry Stout;Plata;Puerto Varas
Concursos Brasil Cup - Brasil;Internacional;agosto 2025;Hasta Pronto Brew. Co.;Fiesta;WC Pils;Plata;Santiago
Concursos Brasil Cup - Brasil;Internacional;agosto 2025;Hasta Pronto Brew. Co.;Foam and Fade;Hazy IPA;Bronce;Santiago
Concursos Brasil Cup - Brasil;Internacional;agosto 2025;Kunstmann;Ale Sin Alcohol;Ale s/Alcohol;Oro;Valdivia
Concursos Brasil Cup - Brasil;Internacional;agosto 2025;Luthier;Desierto Summer Kölsch;Kölsch;Oro;Los Angeles
Concursos Brasil Cup - Brasil;Internacional;agosto 2025;Tamango Brebajes;Westy;WC IPA;Oro;Santiago
Copa ACI - Chile;Nacional;abril 2025;Agua&Sol;La Maravilla es de SanVI;American-Style Sour Ale;Oro;San Vicente de Tagua Tagua
Copa ACI - Chile;Nacional;abril 2025;Alameda Beer C.;San Pato;Classic Irish-Style Dry Stout;Bronce;Santiago
Copa ACI - Chile;Nacional;abril 2025;Altamira;Altamira IPA sin Alcohol;Non-Alcohol Malt Beverage;Plata;Quillota
Copa ACI - Chile;Nacional;abril 2025;Altamira;Altamira Moana Pils;New Zealand-Style Pale Ale;Bronce;Quillota
Copa ACI - Chile;Nacional;abril 2025;Ayewun;American Strong Ale;Imperial Red Ale;Plata;Concepción
Copa ACI - Chile;Nacional;abril 2025;Campera;Campera Imperial Stout;American-Style Imperial Stout;Bronce;Villa Alegre
Copa ACI - Chile;Nacional;abril 2025;Campera;Campera Quadrupel;Belgian-Style Quadrupel;Oro;Villa Alegre
Copa ACI - Chile;Nacional;;Cerveza Soko's;Cosmic Walk;#ˇREF!;Best of Show ORO;Santiago
Copa ACI - Chile;Nacional;abril 2025;Colina;Colina Belgian;Belgian-Style Strong Blonde Ale;Bronce;Santiago
Copa ACI - Chile;Nacional;abril 2025;Crápula;Avaricia;Belgian-Style Blonde Ale;Plata;Concepción
Copa ACI - Chile;Nacional;abril 2025;Crápula;Casi Casi;Dessert Stout or Pastry Stout;Bronce;Concepción
Copa ACI - Chile;Nacional;abril 2025;Crápula;Lujuria;American-Style Cream Ale;Plata;Concepción
Copa ACI - Chile;Nacional;abril 2025;Cumbres del Ranco;Porter Tequila;Baltic-Style Porter;Oro;Lago Ranco
Copa ACI - Chile;Nacional;abril 2025;Hasta Pronto Brew. Co.;...Y gracias por los lúpulos;West Coast-Style India Pale Ale;Plata;Santiago
Copa ACI - Chile;Nacional;abril 2025;Hasta Pronto Brew. Co.;Haka Pils;Contemporary American-Style Pilsener;Plata;Santiago
Copa ACI - Chile;Nacional;abril 2025;Hasta Pronto Brew. Co.;Mejor no hablar (de ciertas cosas);American-Style Imperial or Double India Pale Ale;Plata;Santiago
Copa ACI - Chile;Nacional;abril 2025;Hudson;Ámbar ale;Scottish-Style Export Ale;Plata;Coyhaique
Copa ACI - Chile;Nacional;abril 2025;IGEL;Hazy IPA;Juicy or Hazy Pale Ale;Oro;Villarrica
Copa ACI - Chile;Nacional;abril 2025;IGEL;Märzen;American-Style Maerzen/Oktoberfest;Plata;Villarrica
Copa ACI - Chile;Nacional;abril 2025;Indomable;Chorero Porter;Brown Porter;Oro;Hualpén
Copa ACI - Chile;Nacional;abril 2025;Indomable;Nonguen Barrel Aged;Wood & Barrel Aged Beer;Oro;Hualpén
Copa ACI - Chile;Nacional;abril 2025;Indomable;San Sebastian;Belgian-Style Tripel;Plata;Hualpén
Copa ACI - Chile;Nacional;abril 2025;Jester;El Retorno del IBU;American-Style India Pale Ale;Oro;Santiago
Copa ACI - Chile;Nacional;abril 2025;Jester;Luptopia;American-Style Imperial or Double India Pale Ale;Bronce;Santiago
Copa ACI - Chile;Nacional;abril 2025;Keyer;Die Bären;Bamberg-Style Maerzen Rauchbier;Bronce;Quilpué
Copa ACI - Chile;Nacional;abril 2025;KÜLT;KULT;American-Style Amber/Red Ale;Bronce;Santiago
Copa ACI - Chile;Nacional;abril 2025;La Grulla;Nigricolis;American-Style Stout;Plata;Valdivia
Copa ACI - Chile;Nacional;abril 2025;La Montańa;YUTA;Bamberg-Style Maerzen Rauchbier;Plata;Santiago
Copa ACI - Chile;Nacional;abril 2025;Lifer;TORDO;American-Style Imperial Stout;Plata;Chimbarongo
Copa ACI - Chile;Nacional;abril 2025;Luthier;Caja Negra;Brown Porter;Plata;Los Ángeles
Copa ACI - Chile;Nacional;abril 2025;Luthier;Desierto;German-Style Koelsch;Plata;Los Ángeles
Copa ACI - Chile;Nacional;abril 2025;Luthier;Revolver;Belgian-Style Strong Dark Ale;Plata;Los Ángeles
Copa ACI - Chile;Nacional;abril 2025;Mahuida;Quíntuple 5K;Experimental Beer;Bronce;Lautaro
Copa ACI - Chile;Nacional;abril 2025;Mahuida;T.R.I.P;Belgian-Style Tripel;Bronce;Lautaro
Copa ACI - Chile;Nacional;abril 2025;Mowa;MOWA #1;Contemporary American-Style Pilsener;Oro;San Felipe
Copa ACI - Chile;Nacional;abril 2025;Nogg;American Wheat;American-Style Wheat Ale;Plata;Machalí
Copa ACI - Chile;Nacional;abril 2025;Nothus Brew. Co.;session ipa;Session India Pale Ale;Plata;Valdivia
Copa ACI - Chile;Nacional;abril 2025;NYD Bier;AVELLANA STOUT;Best of Show;Bronce;
Copa ACI - Chile;Nacional;abril 2025;NYD Bier;AVELLANA STOUT;Field Beer;Oro;Santiago
Copa ACI - Chile;Nacional;;NYD BIER;AVELLANA STOUT;#ˇREF!;Best of Show BRONCE;Santiago
Copa ACI - Chile;Nacional;abril 2025;NYD Bier;Lady in Red;Scottish-Style Export Ale;Bronce;Santiago
Copa ACI - Chile;Nacional;abril 2025;NYD Bier;MAIDEN HOP;American-Style India Pale Lager;Bronce;Santiago
Copa ACI - Chile;Nacional;abril 2025;Prócer;BARBUDO Y PRÓCER SHOW - HAZY IPA;Juicy or Hazy India Pale Ale;Oro;Chillán
Copa ACI - Chile;Nacional;abril 2025;Prócer;DEDOS FLOJOS;West Coast-Style India Pale Ale;Bronce;Chillán
Copa ACI - Chile;Nacional;abril 2025;Prócer;MOMENT;Juicy or Hazy Imperial or Double India Pale Ale;Plata;Chillán
Copa ACI - Chile;Nacional;abril 2025;Prócer;NOT JUICE;Juicy or Hazy India Pale Ale;Plata;Chillán
Copa ACI - Chile;Nacional;abril 2025;Prócer;TODOS LOS DIAS;American-Style Pale Ale;Bronce;Chillán
Copa ACI - Chile;Nacional;abril 2025;Puesco;La Culpa del Gringo;California Common Beer;Bronce;Curarrehue
Copa ACI - Chile;Nacional;abril 2025;Rebelión;Guerra de Chile Chico;American-Style Amber/Red Ale;Plata;Chile Chico
Copa ACI - Chile;Nacional;abril 2025;Reto;Tropikal Sour;American-Style Fruited Sour Ale;Bronce;Santiago
Copa ACI - Chile;Nacional;abril 2025;Rural;La que te dije...;German-Style Doppelbock;Bronce;Litueche
Copa ACI - Chile;Nacional;abril 2025;Rústico;Onix;Export-Style Stout;Bronce;Santiago
Copa ACI - Chile;Nacional;abril 2025;Síbaros;Espresso Mandarina;Coffee Beer;Bronce;Vińa del Mar
Copa ACI - Chile;Nacional;abril 2025;Síbaros;Goselada;Contemporary-Style Gose;Bronce;Vińa del Mar
Copa ACI - Chile;Nacional;abril 2025;Soko's;Cosmic Walk;Best of Show;Oro;
Copa ACI - Chile;Nacional;abril 2025;Soko's;Cosmic Walk;Belgian-Style Strong Dark Ale;Oro;Santiago
Copa ACI - Chile;Nacional;abril 2025;Tamango Brebajes;Corta Corriente;Juicy or Hazy India Pale Ale;Bronce;Santiago
Copa ACI - Chile;Nacional;abril 2025;Tamango Brebajes;The Green Room;American-Style Pale Ale;Oro;Santiago
Copa ACI - Chile;Nacional;abril 2025;Tübinger;Yincana;American-Style India Pale Ale;Bronce;Santiago
Copa ACI - Chile;Nacional;abril 2025;Viralata;Sour Lab 2;American-Style Fruited Sour Ale;Plata;Valdivia
Copa ACI - Chile;Nacional;abril 2025;Viralata;Yolo;American-Style Amber Lager;Plata;Valdivia
Copa Capital Cervecera - Chile;Nacional;julio 2025;7 Lagos;Pellaifa;Porter;Plata;Valdivia
Copa Capital Cervecera - Chile;Nacional;julio 2025;Agua&Sol;La Maravilla Es De San Vi;Sour Fruit;Bronce;San Vicente de Tagua Tagua
Copa Capital Cervecera - Chile;Nacional;julio 2025;Aguas Libres;Drake;Amber Ale;Bronce;Valdivia
Copa Capital Cervecera - Chile;Nacional;julio 2025;Aguas Libres;Nectapilos c/Viralata;NZ Pale Ale;Plata;Valdivia
Copa Capital Cervecera - Chile;Nacional;julio 2025;Aguas Libres;Neverita;APA;Oro;Valdivia
Copa Capital Cervecera - Chile;Nacional;julio 2025;Bordelago;Zorro Patagónico;Scottish Export;Plata;Puerto Varas
Copa Capital Cervecera - Chile;Nacional;julio 2025;Bosques;Koiwe;Session IPA;Oro;Puerto Varas
Copa Capital Cervecera - Chile;Nacional;julio 2025;Bosques;Lenga;WC IPA;Oro;Puerto Varas
Copa Capital Cervecera - Chile;Nacional;julio 2025;Bukana;Cerveza Ámbar Americana;Amber Ale;Plata;Santiago
Copa Capital Cervecera - Chile;Nacional;julio 2025;Bundor;Belial c/Viralata;Barley Wine;Oro;Valdivia
Copa Capital Cervecera - Chile;Nacional;julio 2025;Bundor;Belzeboo;Imperial Stout;Plata;Valdivia
Copa Capital Cervecera - Chile;Nacional;julio 2025;Bundor;Elfa;Blonde Ale;Plata;Valdivia
Copa Capital Cervecera - Chile;Nacional;julio 2025;Bundor;Freyja;Special Bitter;Plata;Valdivia
Copa Capital Cervecera - Chile;Nacional;julio 2025;Bundor;Nessie;Wee Heavy;Oro;Valdivia
Copa Capital Cervecera - Chile;Nacional;julio 2025;Bunemann;Rubia De Péndulo;Kölsch;Bronce;Valdivia
Copa Capital Cervecera - Chile;Nacional;julio 2025;Byggvir;Conductor Designado;Amber Ale s/Alcohol;Plata;Santiago
Copa Capital Cervecera - Chile;Nacional;julio 2025;Byggvir;Schwarzelager c/Barbudo Growler;Schwarzbier;Oro;Santiago
Copa Capital Cervecera - Chile;Nacional;julio 2025;CERVECERA BUNDOR;BELIAL;#ˇREF!;Best of Show;Valdivia
Copa Capital Cervecera - Chile;Nacional;julio 2025;cerveceria maltok;cholga doppel;#ˇREF!;Best of Show;Puerto Natales
Copa Capital Cervecera - Chile;Nacional;julio 2025;Cuello Negro;Ambar Cuello Negro;Amber Ale;Bronce;Valdivia
Copa Capital Cervecera - Chile;Nacional;julio 2025;Cuello Negro;Stout Cuello Negro;Export Stout;Oro;Valdivia
Copa Capital Cervecera - Chile;Nacional;julio 2025;Cumbres Del Ranco;Antu C/ Barbudo Growler;Hefeweizen;Plata;Lago Ranco
Copa Capital Cervecera - Chile;Nacional;julio 2025;El Growler;Murta Stout;Stout Fruit;Bronce;Valdivia
Copa Capital Cervecera - Chile;Nacional;julio 2025;El Growler;Pilsen;Italian Pils;Plata;Valdivia
Copa Capital Cervecera - Chile;Nacional;julio 2025;El Regreso;Ambar Lager;Vienna Lager;Plata;Valdivia
Copa Capital Cervecera - Chile;Nacional;julio 2025;El Regreso;Carrot Cake;Pastry Stout;Bronce;Valdivia
Copa Capital Cervecera - Chile;Nacional;julio 2025;El Regreso;Descenso;WC IPA;Plata;Valdivia
Copa Capital Cervecera - Chile;Nacional;julio 2025;El Regreso;Fisura;Robust Porter;Bronce;Valdivia
Copa Capital Cervecera - Chile;Nacional;julio 2025;Elfo Del Bosque;Ira;Irish Red Ale;Plata;Valdivia
Copa Capital Cervecera - Chile;Nacional;julio 2025;Ferisa;Imperial Stout - Ferisa;Imperial Stout;Oro;Santiago
Copa Capital Cervecera - Chile;Nacional;julio 2025;Heráldica;Irish Red Ale;Irish Red Ale;Oro;Lanco
Copa Capital Cervecera - Chile;Nacional;julio 2025;Indomable;Rey De La Araucanía;Hoppy Lager;Bronce;Hualpen
Copa Capital Cervecera - Chile;Nacional;julio 2025;Jester;Biciclo Citra - Mosaic;Doble Hazy IPA;Bronce;Santiago
Copa Capital Cervecera - Chile;Nacional;julio 2025;Kronyssen;Belgian Blonde Ale;Belgian Blonde Ale;Plata;Valdivia
Copa Capital Cervecera - Chile;Nacional;julio 2025;Kunstmann;Ale Sin Alcohol;Ale s/Alcohol;Plata;Valdivia
Copa Capital Cervecera - Chile;Nacional;julio 2025;Kunstmann;Kirsche Agria;Sour Fruit;Plata;Valdivia
Copa Capital Cervecera - Chile;Nacional;julio 2025;La Bota Cervecera;Pinche Gato Con Botas c/Viralata;Hoppy Lager;Oro;Valdivia
Copa Capital Cervecera - Chile;Nacional;julio 2025;La Grulla;Antígona;Scottish Export;Bronce;Valdivia
Copa Capital Cervecera - Chile;Nacional;julio 2025;La Grulla;Grusour;Sour Fruit;Oro;Valdivia
Copa Capital Cervecera - Chile;Nacional;julio 2025;La Grulla;Manchuria;Hazy Pale Ale;Oro;Valdivia
Copa Capital Cervecera - Chile;Nacional;julio 2025;Los Torreones;Belgian Strong;Belgian Strong Ale;Bronce;Valdivia
Copa Capital Cervecera - Chile;Nacional;julio 2025;Los Torreones;Black8;Export Stout;Plata;Valdivia
Copa Capital Cervecera - Chile;Nacional;julio 2025;Mahuida;Perla Negra;Export Stout;Bronce;Lautaro
Copa Capital Cervecera - Chile;Nacional;julio 2025;Mahuida;Quíntuple 5k c/Ketri;Belgian Strong Ale;Bronce;Lautaro
Copa Capital Cervecera - Chile;Nacional;julio 2025;Maltok;Cholga Doble c/ Delito_Beer_CO y Vericcio;Experimental Beer;Oro;Puerto Natales
Copa Capital Cervecera - Chile;Nacional;julio 2025;Mauco;Guińa;IPA;Plata;Vińa del Mar
Copa Capital Cervecera - Chile;Nacional;julio 2025;Mauco;Palote;Session IPA;Bronce;Vińa del Mar
Copa Capital Cervecera - Chile;Nacional;julio 2025;Mauco;Pololos;Doble IPA;Bronce;Vińa del Mar
Copa Capital Cervecera - Chile;Nacional;julio 2025;Micro La Condená;Dubbel Pagana;Belgian Dubbel;Oro;Valdivia
Copa Capital Cervecera - Chile;Nacional;julio 2025;Micro La Condená;La Condená Wee Heavy;Wee Heavy;Bronce;Valdivia
Copa Capital Cervecera - Chile;Nacional;julio 2025;Micro La Condená;La Pausa;Hazy IPA;Bronce;Valdivia
Copa Capital Cervecera - Chile;Nacional;julio 2025;Nebú;Stout;Robust Porter;Oro;Valdivia
Copa Capital Cervecera - Chile;Nacional;julio 2025;Nothus Brew. Co.;American Ipa;IPA;Oro;Valdivia
Copa Capital Cervecera - Chile;Nacional;julio 2025;Nothus Brew. Co.;Apa;APA;Bronce;Valdivia
Copa Capital Cervecera - Chile;Nacional;julio 2025;Nothus Brew. Co.;Cero Cańa;Session IPA s/Alcohol;Oro;Valdivia
Copa Capital Cervecera - Chile;Nacional;julio 2025;Nothus Brew. Co.;Golden;Blonde Ale;Bronce;Valdivia
Copa Capital Cervecera - Chile;Nacional;julio 2025;Nothus Brew. Co.;Lillo Stout;Coffe Stout;Plata;Valdivia
Copa Capital Cervecera - Chile;Nacional;julio 2025;Nothus Brew. Co.;Magnitud 9.5;Barley Wine;Plata;Valdivia
Copa Capital Cervecera - Chile;Nacional;julio 2025;Nothus Brew. Co.;Session IPA;Session IPA;Plata;Valdivia
Copa Capital Cervecera - Chile;Nacional;julio 2025;Nothus Brewing Company;—;#ˇREF!;Mejor Cervecería;Valdivia
Copa Capital Cervecera - Chile;Nacional;julio 2025;Nothus Brewing Company;—;#ˇREF!;Mejor Cervecería Regional;Valdivia
Copa Capital Cervecera - Chile;Nacional;julio 2025;Nothus Brewing Company;Cero Cańa;#ˇREF!;Best of Show;Valdivia
Copa Capital Cervecera - Chile;Nacional;julio 2025;Prócer;Big Secret;Imperial Stout;Bronce;Chillán
Copa Capital Cervecera - Chile;Nacional;julio 2025;Prócer;Moment;Doble Hazy IPA;Plata;Chillán
Copa Capital Cervecera - Chile;Nacional;julio 2025;Prócer;Not Juice;Hazy IPA;Oro;Chillán
Copa Capital Cervecera - Chile;Nacional;julio 2025;Puesco;La Culpa Del Gringo;California Common;Plata;Curarrehue
Copa Capital Cervecera - Chile;Nacional;julio 2025;Puesco;Michimisu c/Viralata;Pastry Stout;Plata;Curarrehue
Copa Capital Cervecera - Chile;Nacional;julio 2025;Puffe;Panamericana Stout;Stout;Bronce;Cabrero
Copa Capital Cervecera - Chile;Nacional;julio 2025;Sibaros;Jalapeńa;Chili Sour;Oro;Valparaíso
Copa Capital Cervecera - Chile;Nacional;julio 2025;Sibaros;Playera;Cream Ale;Oro;Valparaíso
Copa Capital Cervecera - Chile;Nacional;julio 2025;Tamango Brebajes;Corta Corriente;Hazy IPA;Plata;Santiago
Copa Capital Cervecera - Chile;Nacional;julio 2025;Tamango Brebajes;Entre Caníbales;Bohemian Pils;Plata;Santiago
Copa Capital Cervecera - Chile;Nacional;julio 2025;Tamango Brebajes;Humboldt;American Lager;Bronce;Santiago
Copa Capital Cervecera - Chile;Nacional;julio 2025;Tata's Beer;Bock;Bock;Bronce;Valdivia
Copa Capital Cervecera - Chile;Nacional;julio 2025;Trippy;Mokatrip;Coffe Stout;Oro;San Pedro de la Paz
Copa Capital Cervecera - Chile;Nacional;julio 2025;Trippy;No Rules;Belgian Fruit Beer;Plata;San Pedro de la Paz
Copa Capital Cervecera - Chile;Nacional;julio 2025;Tropera;Crazy Juan;Brown Ale;Oro;Puerto Varas
Copa Capital Cervecera - Chile;Nacional;julio 2025;Tropera;Ranita de Darwin;Doble Ipa;Plata;Puerto Varas
Copa Capital Cervecera - Chile;Nacional;julio 2025;Viralata;Rulay c/Consed Beer;Coffee Stout;Bronce;Valdivia
Copa Capital Cervecera - Chile;Nacional;julio 2025;Viralata;Sour Labs 2;Sour Fruit;Oro;Valdivia
Copa Capital Cervecera - Chile;Nacional;julio 2025;Viralata;Tíguere;Helles;Oro;Valdivia
Copa Capital Cervecera - Chile;Nacional;julio 2025;Viralata;Todo Por El Pinche Gato;IPA;Plata;Valdivia
Copa Centro MX - Mexico;Internacional;abril 2025;Agua&Sol;La Maravilla es de SanVI;American-Style Sour Ale;Oro;San Vicente
Copa Centro MX - Mexico;Internacional;abril 2025;Agua&Sol;La Maravilla es de SanVI;American-Style Sour Ale;Oro;San Vicente
Copa Centro MX - Mexico;Internacional;abril 2025;Agua&Sol;La Maravilla es de SanVI;Best The Show;Oro;San Vicente
Copa Centro MX - Mexico;Internacional;abril 2025;Brebajería Cautín;Limona Cautín 2024;New World Cider;Bronce;Santiago
Copa Centro MX - Mexico;Internacional;abril 2025;Delito_Beer_CO;Cholga Doppel;Experimental Beer;Oro;Valparaíso
Copa Centro MX - Mexico;Internacional;abril 2025;Delito_Beer_CO;Vicky`s Secret;Brett Beer;Plata;Valparaíso
Copa Centro MX - Mexico;Internacional;abril 2025;Luthier;Caja Negra;Brown Porter;Oro;Los Angeles
Copa Cervecera del Austro - Ecuador;Internacional;mayo 2025;La Grulla;Grusour;Best of Show;Oro;Valdivia
Copa Cervecera del Austro - Ecuador;Internacional;mayo 2025;La Grulla;Grusour;Wild & Sour;Oro;Valdivia
Copa Cervecera del Austro - Ecuador;Internacional;mayo 2025;La Grulla;Grusour;#ˇREF!;Best of Show ORO;Valdivia
Copa Cervecera del Austro - Ecuador;Internacional;mayo 2025;Lifer;BARRANQUERO;Hazy IPA;Bronce;Chimbarongo
Copa Cervecera del Austro - Ecuador;Internacional;mayo 2025;Lifer;CERNICALO;Pale Commonwealth Beer;Bronce;Chimbarongo
Copa Cervecera del Austro - Ecuador;Internacional;mayo 2025;Lifer;GAVIOTÍN MONJA;Wood Beer;Plata;Chimbarongo
Copa Cervecera del Austro - Ecuador;Internacional;mayo 2025;Vericcio;Darkma;European Lager Beer;Bronce;Santiago
Copa Cervecera del Austro - Ecuador;Internacional;mayo 2025;Von Menzel;LA CHUPILCA DEL HUASO;#ˇREF!;Best of Show PLATA;Parral
Copa Cervecera del Austro - Ecuador;Internacional;mayo 2025;Von Menzel;LA CHUPILCA DEL HUASO;Best of Show;Plata;Parral
Copa Cervecera del Austro - Ecuador;Internacional;mayo 2025;Von Menzel;LA CHUPILCA DEL HUASO;Spiced Beer;Oro;Parral
Copa Cervezas de América - Chile;Nacional;sept. 2025;Chrisma;Chrisma;Sweet Stout;plata;
Copa Cervezas de América - Chile;Nacional;sept. 2025;El Growler;murta stout;American Fruit Beer;bronce;
Copa Cervezas de América - Chile;Nacional;sept. 2025;El Growler;pilsen;Italian Pils;plata;
Copa Cervezas de América - Chile;Nacional;sept. 2025;El Regreso;descenso;WC IPA;plata;
Copa Cervezas de América - Chile;Nacional;sept. 2025;El Regreso;mocho;Irish Red Ale;bronce;
Copa Cervezas de América - Chile;Nacional;sept. 2025;IGEL;sommer igel;Blonde Ale;bronce;
Copa Cervezas de América - Chile;Nacional;sept. 2025;Neskov;neskov;Irish Red Ale;plata;
Copa Cervezas de América - Chile;Nacional;sept. 2025;Nothus Brew. Co.;hoppy lager;Hoppy Lager;bronce;
Copa Cervezas de América - Chile;Nacional;sept. 2025;Sibaros;goshelada;Chili Pepper Beer;bronce;Valparaíso
Copa Cervezas de América - Chile;Nacional;sept. 2025;Sibaros;jalapińa;Smoke Beer;oro;Valparaíso
Copa Cervezas de América - Chile;Nacional;sept. 2025;Szot;hazecore;Hazy IPA;oro;
Copa Cervezas de América - Chile;Nacional;sept. 2025;Tata's Beer;bock;Bock;bronce;
Copa Conquistadores - Chile;Nacional;agosto 2025;Aegir;Surtur;Special Bitter;Oro;Villarrica
Copa Conquistadores - Chile;Nacional;agosto 2025;Agua&Sol;Cuando Riegan Los Trigales;Saison;Oro;San Vicente de Tagua Tagua
Copa Conquistadores - Chile;Nacional;agosto 2025;Agua&Sol;La Maravilla Es De San Vi;Sour Fruit;Plata;San Vicente de Tagua Tagua
Copa Conquistadores - Chile;Nacional;agosto 2025;Agua&Sol;Zuńiga Pueblo Tipico;Special Bitter;Plata;San Vicente de Tagua Tagua
Copa Conquistadores - Chile;Nacional;agosto 2025;Alchemist;Coffee Stout;Robust Porter;Oro;Punta Arenas
Copa Conquistadores - Chile;Nacional;agosto 2025;Ayekan;Kelü;Scottish Export;Oro;Buin
Copa Conquistadores - Chile;Nacional;agosto 2025;Bordelago;Carpintero Negro;Irish Dry Stout;Oro;Puerto Varas
Copa Conquistadores - Chile;Nacional;agosto 2025;Bordelago;Don Alfredo;Vienna Lager;Plata;Puerto Varas
Copa Conquistadores - Chile;Nacional;agosto 2025;Bordelago;La Cazadora;Imperial Stout;Plata;Puerto Varas
Copa Conquistadores - Chile;Nacional;agosto 2025;Bosques;Koiwe;Session IPA;Plata;Puerto Varas
Copa Conquistadores - Chile;Nacional;agosto 2025;Bosques;Mańio;APA;Bronce;Puerto Varas
Copa Conquistadores - Chile;Nacional;agosto 2025;Bukana;Sweet Stout;Sweet Stout;Plata;Santiago
Copa Conquistadores - Chile;Nacional;agosto 2025;Campera;Campera Quadrupel;Quadrupel;Plata;Villa Alegre
Copa Conquistadores - Chile;Nacional;agosto 2025;CERVECERÍA LIFER;GAVIOTÍN MONJA;#ˇREF!;Best of Show;Chimbarongo
Copa Conquistadores - Chile;Nacional;agosto 2025;Cervecería Luthier;—;#ˇREF!;Mejor Cervecería Regional;Los Angeles
Copa Conquistadores - Chile;Nacional;agosto 2025;Cerveza Alchemist;Coffee Stout;#ˇREF!;Best of Show;Punta Arenas
Copa Conquistadores - Chile;Nacional;agosto 2025;Costa Brava;El Monje;Belgian Dubbel;Bronce;Tomé
Copa Conquistadores - Chile;Nacional;agosto 2025;Crápula;Avaricia;Belgian Blonde Ale;Plata;Concepcion
Copa Conquistadores - Chile;Nacional;agosto 2025;Cuello Negro;Ambar Cuello Negro;Amber Ale;Bronce;Valdivia
Copa Conquistadores - Chile;Nacional;agosto 2025;Cuello Negro;Czech Lager Cuello Negro;Czech Pils;Bronce;Valdivia
Copa Conquistadores - Chile;Nacional;agosto 2025;Cuello Negro;Stout Cuello Negro;Export Stout;Plata;Valdivia
Copa Conquistadores - Chile;Nacional;agosto 2025;Cumbres Del Ranco;Antu C/ Barbudo Growler;Hefeweizen;Plata;Lago Ranco
Copa Conquistadores - Chile;Nacional;agosto 2025;Cumbres Del Ranco;Porter Tequila;Baltic Porter;Plata;Lago Ranco
Copa Conquistadores - Chile;Nacional;agosto 2025;Del Mago;Magickölsch;Kölsch;Bronce;Puerto Varas
Copa Conquistadores - Chile;Nacional;agosto 2025;Elfo Del Bosque;Blonde Ale;Blonde Ale;Bronce;Valdivia
Copa Conquistadores - Chile;Nacional;agosto 2025;Elfo Del Bosque;Ira;Irish Red Ale;Plata;Valdivia
Copa Conquistadores - Chile;Nacional;agosto 2025;Estación;Barrio Estación;Scottish Export;Plata;Cabrero
Copa Conquistadores - Chile;Nacional;agosto 2025;Estación;Estación Andalien;Porter;Plata;Cabrero
Copa Conquistadores - Chile;Nacional;agosto 2025;Estero;Flama;Amber Ale;Plata;Concepción
Copa Conquistadores - Chile;Nacional;agosto 2025;Eureka Brewlab;Funky Hoppy Party;IPA;Oro;Santiago
Copa Conquistadores - Chile;Nacional;agosto 2025;Fario;Fario Ají Verde;Chili Pepper Beer;Bronce;Coyhaique
Copa Conquistadores - Chile;Nacional;agosto 2025;Ferisa;Belgian Strong Golden Ale - Ferisa;Belgian Strong Blonde Ale;Oro;Santiago
Copa Conquistadores - Chile;Nacional;agosto 2025;Ferisa;Imperial Stout - Ferisa;Imperial Stout;Oro;Santiago
Copa Conquistadores - Chile;Nacional;agosto 2025;IGEL;Oatmeal Stout Con Avellana Chilena;Pastry Oatmeal Stout;Plata;Villarrica
Copa Conquistadores - Chile;Nacional;agosto 2025;Independentzia;Sexyipa;APA;Plata;Coquimbo
Copa Conquistadores - Chile;Nacional;agosto 2025;Indomable;Chorero Porter;Robust Porter;Bronce;Hualpen
Copa Conquistadores - Chile;Nacional;agosto 2025;Indomable;Mocha Dick Barrel Aged;Barley Wine;Bronce;Hualpen
Copa Conquistadores - Chile;Nacional;agosto 2025;Indomable;Rey De La Araucania;Hoppy Lager;Oro;Hualpen
Copa Conquistadores - Chile;Nacional;agosto 2025;Indomable;San Sebastian;Tripel;Bronce;Hualpen
Copa Conquistadores - Chile;Nacional;agosto 2025;Jester;Manitoba;APA;Oro;Santiago
Copa Conquistadores - Chile;Nacional;agosto 2025;Jester;Resinosa;Hazy IPA;Plata;Santiago
Copa Conquistadores - Chile;Nacional;agosto 2025;Jolgorio;Cavancha;Gose;Bronce;Iquique
Copa Conquistadores - Chile;Nacional;agosto 2025;Jolgorio;Menamora;Experimental Beer;Oro;Iquique
Copa Conquistadores - Chile;Nacional;agosto 2025;Jolgorio;Verde, Amarillo Y Rojo;Chili Pepper Beer;Oro;Iquique
Copa Conquistadores - Chile;Nacional;agosto 2025;Kairos;Kairos Goodbye My Lover;Imperial Stout;Bronce;Santiago
Copa Conquistadores - Chile;Nacional;agosto 2025;Kairos;Kairos Pils;Italian Pils;Oro;Santiago
Copa Conquistadores - Chile;Nacional;agosto 2025;La Grulla;Manchuria;Hazy Pale Ale;Oro;Valdivia
Copa Conquistadores - Chile;Nacional;agosto 2025;La Grulla;Manchuria;#ˇREF!;Best of Show;Valdivia
Copa Conquistadores - Chile;Nacional;agosto 2025;Lifer;Gaviotín Monja;Imperial Stout;Oro;Chimbarongo
Copa Conquistadores - Chile;Nacional;agosto 2025;Lifer;Nuco;Coffee Stout;Plata;Chimbarongo
Copa Conquistadores - Chile;Nacional;agosto 2025;Loa;Entrenubes;Helles;Plata;Quilicura
Copa Conquistadores - Chile;Nacional;agosto 2025;Loa;Minga Loca;WC IPA;Bronce;Quilicura
Copa Conquistadores - Chile;Nacional;agosto 2025;Loa;Otra Ronda;Amber Ale;Bronce;Quilicura
Copa Conquistadores - Chile;Nacional;agosto 2025;Loa;Super Duty;Smoke Beer;Plata;Quilicura
Copa Conquistadores - Chile;Nacional;agosto 2025;Luthier;Desierto;Kölsch;Oro;Los Angeles
Copa Conquistadores - Chile;Nacional;agosto 2025;Luthier;Luna Roja;Irish Red Ale;Oro;Los Angeles
Copa Conquistadores - Chile;Nacional;agosto 2025;Mad Charlie's;—;#ˇREF!;Mejor Cervecería;Valdivia
Copa Conquistadores - Chile;Nacional;agosto 2025;Mad Charlie's;Ambar 0;Amber s/Alcohol;Plata;Valdivia
Copa Conquistadores - Chile;Nacional;agosto 2025;Mad Charlie's;American Amber Ale;Amber Ale;Oro;Valdivia
Copa Conquistadores - Chile;Nacional;agosto 2025;Mad Charlie's;German Leichtbier;Leichtbier;Oro;Valdivia
Copa Conquistadores - Chile;Nacional;agosto 2025;Mad Charlie's;WC Ipa;WC IPA;Oro;Valdivia
Copa Conquistadores - Chile;Nacional;agosto 2025;Mahuida;Quíntuple 5k c/Ketri;Belgian Strong Ale;Plata;Lautaro
Copa Conquistadores - Chile;Nacional;agosto 2025;Mahuida;Tropicosa;WC IPA;Plata;Lautaro
Copa Conquistadores - Chile;Nacional;agosto 2025;Maltok;Piure Doppelbock;Experimental Beer;Bronce;Puerto Natales
Copa Conquistadores - Chile;Nacional;agosto 2025;Nogg;Make It Better;Hazy IPA;Bronce;machali
Copa Conquistadores - Chile;Nacional;agosto 2025;Nothus Brew. Co.;Cero Cańa;Session IPA s/Alcohol;Oro;Valdivia
Copa Conquistadores - Chile;Nacional;agosto 2025;Nothus Brew. Co.;Lillo Stout;Coffee Stout;Oro;Valdivia
Copa Conquistadores - Chile;Nacional;agosto 2025;Pangue;Grape Ale Leonera;Grape Ales;Plata;Carampangue
Copa Conquistadores - Chile;Nacional;agosto 2025;Perro Ovejero;American Barley Wine;Barley Wine;Oro;Punta Arenas
Copa Conquistadores - Chile;Nacional;agosto 2025;Perro Ovejero;Berberis;Strong Brett Beer;Oro;Punta Arenas
Copa Conquistadores - Chile;Nacional;agosto 2025;Sagitta;Amber Ale Sagitta;Amber Ale;Bronce;Chillan
Copa Conquistadores - Chile;Nacional;agosto 2025;Sagitta;Stout Sagitta;Stout;Oro;Chillan
Copa Conquistadores - Chile;Nacional;agosto 2025;Santa Craft Ind.;Estación Golden;Blonde Ale;Plata;Yumbel
Copa Conquistadores - Chile;Nacional;agosto 2025;Strato;Made In Garage;Scottish Export;Bronce;Concepción
Copa Conquistadores - Chile;Nacional;agosto 2025;Toten;Cerro Chepe;Export Stout;Bronce;Chiguayante
Copa Conquistadores - Chile;Nacional;agosto 2025;Toten;Sophia British Strong;Strong Ale;Bronce;Chiguayante
Copa Conquistadores - Chile;Nacional;agosto 2025;Trippy;Bloody Trip;Fruit Beer;Bronce;San Pedro de la Paz
Copa Conquistadores - Chile;Nacional;agosto 2025;Trippy;Massacre Del Diablo c/Muster;Chili Stout;Plata;San Pedro de la Paz
Copa Conquistadores - Chile;Nacional;agosto 2025;Trippy;Mokatrip;Coffee Stout;Bronce;San Pedro de la Paz
Copa Conquistadores - Chile;Nacional;agosto 2025;Trippy;No Rules;Grape Ales;Bronce;San Pedro de la Paz
Copa Conquistadores - Chile;Nacional;agosto 2025;Tripulantes;Stout;Sweet Stout;Bronce;Puerto Montt
Copa Conquistadores - Chile;Nacional;agosto 2025;Von Menzel;Dulce Crespita;Pastry Stout;Oro;Parral
Copa de Cervezas Tayrona - Colombia;Internacional;;CERVEZA TUBINGER;—;#ˇREF!;Mejor Cervecería Chilena;Pirque
Copa de Cervezas Tayrona - Colombia;Internacional;julio 2025;Cuello Negro;Stout Cuello Negro;Export Stout;Plata;Valdivia
Copa de Cervezas Tayrona - Colombia;Internacional;julio 2025;Ferisa;Imperial Stout;Imperial Stout;Oro;Santiago
Copa de Cervezas Tayrona - Colombia;Internacional;julio 2025;Nothus Brew. Co.;Cero Cańa;Session IPA s/Alcohol;Oro;Valdivia
Copa de Cervezas Tayrona - Colombia;Internacional;julio 2025;NYD Bier;Maiden Hop;IPL;Plata;Santiago
Copa de Cervezas Tayrona - Colombia;Internacional;julio 2025;Sibaros;Jalapeńa;Chili Sour;Bronce;Valparaíso
Copa de Cervezas Tayrona - Colombia;Internacional;julio 2025;Sibaros;Loica;Irish Red Ale;Bronce;Valparaíso
Copa de Cervezas Tayrona - Colombia;Internacional;julio 2025;Tamango Brebajes;Corta Corriente;Hazy IPA;Oro;Santiago
Copa de Cervezas Tayrona - Colombia;Internacional;julio 2025;Tamango Brebajes;The Green Room;APA;Plata;Santiago
Copa de Cervezas Tayrona - Colombia;Internacional;julio 2025;Tamango Brebajes;Westy;WC IPA;Plata;Santiago
Copa de Cervezas Tayrona - Colombia;Internacional;julio 2025;Tübinger;1925;Experimental Beer;Oro;Pirque
Copa de Cervezas Tayrona - Colombia;Internacional;julio 2025;Tübinger;Bearley Wine;Barley Wine;Plata;Pirque
Copa de Cervezas Tayrona - Colombia;Internacional;julio 2025;Tübinger;Mejor Cervecería Chilena;#ˇREF!;Mejor Cervecería Chilena;Pirque
Copa Guaraní de Cervezas - Paraguay;Internacional;julio 2025;Bodega Intrinsical;Bon Voyage;Wild Beer;Plata;Santiago
Copa Guaraní de Cervezas - Paraguay;Internacional;julio 2025;Bordelago;Carpintero Negro;Classic Irish-Style Dry Stout;Bronce;Puerto Varas
Copa Guaraní de Cervezas - Paraguay;Internacional;julio 2025;Bosques;Lenga;West Coast-Style India Pale;Bronce;Puerto Varas
Copa Guaraní de Cervezas - Paraguay;Internacional;julio 2025;Bosques;Mańio;English-Style Summer Ale;Bronce;Puerto Varas
Copa Guaraní de Cervezas - Paraguay;Internacional;julio 2025;Bosques;Michay;American-Style Cream Ale;Bronce;Puerto Varas
Copa Guaraní de Cervezas - Paraguay;Internacional;julio 2025;Cerros de Chena;Av. San Jose;American-Style Black Ale;Plata;San Bernardo
Copa Guaraní de Cervezas - Paraguay;Internacional;julio 2025;Cerros de Chena;Catemito;Imperial Red Ale;Plata;San Bernardo
Copa Guaraní de Cervezas - Paraguay;Internacional;julio 2025;Cerros de Chena;Parque Garcia de la Huerta;Juicy or Hazy Strong Pale Ale;Oro;San Bernardo
Copa Guaraní de Cervezas - Paraguay;Internacional;julio 2025;Doble o Nada;Doble o Nada;Fruited Wood- and Barrel-Aged Sour Beer;Plata;Santiago
Copa Guaraní de Cervezas - Paraguay;Internacional;julio 2025;FaRio;fario ají verde;Chili Beer;Plata;coyhaique
Copa Guaraní de Cervezas - Paraguay;Internacional;julio 2025;FaRio;fario American stout;American-Style Stout;Oro;coyhaique
Copa Guaraní de Cervezas - Paraguay;Internacional;julio 2025;Hasta Pronto Brew. Co.;...Y gracias por los lúpulos;West Coast-Style India Pale;Oro;Santiago
Copa Guaraní de Cervezas - Paraguay;Internacional;julio 2025;Hasta Pronto Brew. Co.;Fiesta;Contemporary American-Style Pilsener;Plata;Santiago
Copa Guaraní de Cervezas - Paraguay;Internacional;julio 2025;Hasta Pronto Brew. Co.;Microdosis;American-Style Pale Ale;Oro;Santiago
Copa Guaraní de Cervezas - Paraguay;Internacional;julio 2025;Hasta Pronto Brew. Co.;Tiempo Libre;Munich-Style Helles;Bronce;Santiago
Copa Guaraní de Cervezas - Paraguay;Internacional;julio 2025;Luthier;Remolino Grape Ale;Grape Ale;Plata;Los Angeles
Copa Guaraní de Cervezas - Paraguay;Internacional;julio 2025;Perro Ovejero;PILSEN;German-Style Pilsener;Plata;Punta Arenas
Copa Guaraní de Cervezas - Paraguay;Internacional;julio 2025;Tamango Brebajes;Entre Caníbales;Bohemian-Style Pilsener;Plata;Santiago
Copa Guaraní de Cervezas - Paraguay;Internacional;julio 2025;Tamango Brebajes;The Green Room;Other Hoppy Lager;Plata;Santiago
Copa Guaraní de Cervezas - Paraguay;Internacional;julio 2025;Tamango Brebajes;Westy;American-Style India Pale Ale;Bronce;Santiago
Copa Guaraní de Cervezas - Paraguay;Internacional;julio 2025;Trippy;MOKATRIP;Coffee Stout or Porter;Oro;San Pedro de la Paz
Copa Guaraní de Cervezas - Paraguay;Internacional;julio 2025;Trippy;NO RULES;Grape Ale;Bronce;San Pedro de la Paz
Copa Guaraní de Cervezas - Paraguay;Internacional;julio 2025;Tropera;GUADALINA;Golden or Blonde Ale;Oro;Puerto Varas
Copa Guaraní de Cervezas - Paraguay;Internacional;julio 2025;Tropera;Ranita de Darwin;Double Hoppy Red Ale;Oro;Puerto Varas
Copa Interregional Río Maule - Chile;Nacional;octubre 2025;Agua&Sol;La Maravilla;23G - Gose;Oro;San Vicente de Tagua Tagua
Copa Interregional Río Maule - Chile;Nacional;octubre 2025;Bingen brewing co;Inverosimil sours#3;29A - Fruit Beer;Bronce;Curico
Copa Interregional Río Maule - Chile;Nacional;octubre 2025;BrauZehn;Eclipse;16D - Foreign Extra Stout;Bronce;Curico
Copa Interregional Río Maule - Chile;Nacional;octubre 2025;BrauZehn;Golden Surfer;18A - Blonde Ale;Bronce;Curico
Copa Interregional Río Maule - Chile;Nacional;octubre 2025;Campera;Campera Quadrupel;26D - Belgian Dark Strong Ale;Oro;Villa Alegre
Copa Interregional Río Maule - Chile;Nacional;octubre 2025;Campera;Campera Quadrupel;#ˇREF!;Best of Show BRONCE;Villa Alegre
Copa Interregional Río Maule - Chile;Nacional;octubre 2025;Indomable;Chiflon del Diablo;14C - Scottish Export;Plata;Hualpen
Copa Interregional Río Maule - Chile;Nacional;octubre 2025;Indomable;Chorero Porter;13C - English Porter;Bronce;Hualpen
Copa Interregional Río Maule - Chile;Nacional;octubre 2025;Ińiguez;American Stout;20B - American Stout;Plata;Constitucion
Copa Interregional Río Maule - Chile;Nacional;octubre 2025;LIFER;GAVIOTÍN MONJA;#ˇREF!;Best of Show ORO;Chimbarongo
Copa Interregional Río Maule - Chile;Nacional;octubre 2025;Lifer;GAVIOTÍN MONJA;33B - Specialty Wood-Aged Beer;Oro;Chimbarongo
Copa Interregional Río Maule - Chile;Nacional;octubre 2025;Lifer;LOICA;15A - Irish Red Ale;Bronce;Chimbarongo
Copa Interregional Río Maule - Chile;Nacional;octubre 2025;Lifer;NUCO;30A - Spice, Herb, or Vegetable Beer;Oro;Chimbarongo
Copa Interregional Río Maule - Chile;Nacional;octubre 2025;LIFER;TORDO;#ˇREF!;Best of Show PLATA;Chimbarongo
Copa Interregional Río Maule - Chile;Nacional;octubre 2025;Lifer;TORDO;20C - Imperial Stout;Oro;Chimbarongo
Copa Interregional Río Maule - Chile;Nacional;octubre 2025;Luthier;Desierto Summer Kölsch;5B - Kölsch;Oro;Los Angeles
Copa Interregional Río Maule - Chile;Nacional;octubre 2025;Luthier;Gastando Lúpulos;18B - American Pale Ale;Bronce;Los Angeles
Copa Interregional Río Maule - Chile;Nacional;octubre 2025;Luthier;Luna Roja;15A - Irish Red Ale;Plata;Los Angeles
Copa Interregional Río Maule - Chile;Nacional;octubre 2025;Luthier;Remolino Grape Ale;29D - Grape Ale;Bronce;Los Angeles
Copa Interregional Río Maule - Chile;Nacional;octubre 2025;Von Menzel;EL HOYO DEL QUEQUE;27A - Historical Beer;Bronce;Parral
Copa Interregional Río Maule - Chile;Nacional;octubre 2025;Von Menzel;PEQUEŃA TEMPORERA;30B - Autumn Seasonal Beer;Plata;Parral
Copa Interregional Río Maule - Chile;Nacional;octubre 2025;WIZüFE;Cerveza AAA;19A - American Amber Ale;Bronce;Chillan
Copa Interregional Río Maule - Chile;Nacional;octubre 2025;WIZüFE;Cerveza Foreign Extra Stout;16D - Foreign Extra Stout;Plata;Chillan
Copa Latinoamericana de Cervezas Artesanales;INTERNACIONAL;octubre 2025;Agua&Sol;La Maravilla es de SanVI;;;
Copa Latinoamericana de Cervezas Artesanales;INTERNACIONAL;octubre 2025;Agua&Sol;Zuńiga Pueblo Tipico;;;
Copa Latinoamericana de Cervezas Artesanales;INTERNACIONAL;octubre 2025;Bukana;CercecIA Cream Ale;;;
Copa Latinoamericana de Cervezas Artesanales;INTERNACIONAL;octubre 2025;Bukana;Olympic Golden;;;
Copa Latinoamericana de Cervezas Artesanales;INTERNACIONAL;octubre 2025;Bukana;Sweet Stout;;;
Copa Latinoamericana de Cervezas Artesanales;INTERNACIONAL;octubre 2025;Campera;Campera Quadrupel;;;
Copa Latinoamericana de Cervezas Artesanales;INTERNACIONAL;octubre 2025;Cervecería Loa;Flor de Truco Hazy IPA;;;
Copa Latinoamericana de Cervezas Artesanales;INTERNACIONAL;octubre 2025;Cervecería Loa;Minga Loca;;;
Copa Latinoamericana de Cervezas Artesanales;INTERNACIONAL;octubre 2025;Cervecería Loa;Super Duty;;;
Copa Latinoamericana de Cervezas Artesanales;INTERNACIONAL;octubre 2025;Cervecería Luthier;Desierto Summer Kölsch;;;
Copa Latinoamericana de Cervezas Artesanales;INTERNACIONAL;octubre 2025;Cerveza Bordelago;Carpintero Negro;;;
Copa Latinoamericana de Cervezas Artesanales;INTERNACIONAL;octubre 2025;Cerveza Bordelago;Don Alfredo;;;
Copa Latinoamericana de Cervezas Artesanales;INTERNACIONAL;octubre 2025;Cerveza Bordelago;La Patagónica;;;
Copa Latinoamericana de Cervezas Artesanales;INTERNACIONAL;octubre 2025;Cerveza Bordelago;Zorro Patagónico;;;
Copa Latinoamericana de Cervezas Artesanales;INTERNACIONAL;octubre 2025;Cerveza Del Puerto;Del Puerto Pilsen Lager;;;
Copa Latinoamericana de Cervezas Artesanales;INTERNACIONAL;octubre 2025;Eureka BrewLab;Funky Hoppy Party;;;
Copa Latinoamericana de Cervezas Artesanales;INTERNACIONAL;octubre 2025;Kross;Kross 110 Minutos;;;
Copa Latinoamericana de Cervezas Artesanales;INTERNACIONAL;octubre 2025;Kross;Kross Dunkler Bock;;;
Copa Latinoamericana de Cervezas Artesanales;INTERNACIONAL;octubre 2025;Kross;Kross Imperial Stout;;;
Copa Latinoamericana de Cervezas Artesanales;INTERNACIONAL;octubre 2025;Kross;Kross Pils;;;
Copa Latinoamericana de Cervezas Artesanales;INTERNACIONAL;octubre 2025;Kross;Kross Stout;;;
Copa Latinoamericana de Cervezas Artesanales;INTERNACIONAL;octubre 2025;NYD BIER;Vacilona;;;
Copa Latinoamericana de Cervezas Artesanales;INTERNACIONAL;octubre 2025;Prócer;DEDOS FLOJOS;;;
Copa Latinoamericana de Cervezas Artesanales;INTERNACIONAL;octubre 2025;Prócer;HA-HA! NELSON;;;
Copa Latinoamericana de Cervezas Artesanales;INTERNACIONAL;octubre 2025;Sobredosis;Sobredosis Amber Ale;;;
Copa Latinoamericana de Cervezas Artesanales;INTERNACIONAL;octubre 2025;Terroir;Tucúquere;;;
Copa Latinoamericana de Cervezas Artesanales;INTERNACIONAL;octubre 2025;Trippy;NO RULES;;;
Copa Latinoamericana de Cervezas Artesanales;INTERNACIONAL;octubre 2025;Tübinger;Wharakiri;;;
Copa Latinoamericana de Cervezas Artesanales;INTERNACIONAL;octubre 2025;Von Menzel Colaboración con Dover, Campera;EL HOYO DEL QUEQUE;;;
Copa Latinoamericana de Cervezas Artesanales;INTERNACIONAL;octubre 2025;Zigurat;paint it black;;;
Copa Mitad del Mundo - México;Internacional;junio 2025;Agua&Sol;La Maravilla Es De San Vi;Sour Fruit;Bronce;San Vicente de Tagua Tagua
Copa Mitad del Mundo - México;Internacional;junio 2025;Bordelago;Zorro Patagónico;Scottish Export;Oro;Puerto Varas
Copa Mitad del Mundo - México;Internacional;junio 2025;Del Puerto;Session IPA;Session IPA;Bronce;Valparaíso
Copa Mitad del Mundo - México;Internacional;junio 2025;IGEL;Oatmeal Stout;Oatmeal Stout;Oro;Villarrica
Copa Mitad del Mundo - México;Internacional;junio 2025;Luthier;Desierto;Kölsch;Plata;Los Angeles
Copa Mitad del Mundo - México;Internacional;junio 2025;Mad Charlie's;American Amber Ale;Amber Ale;Oro;Valdivia
Copa Mitad del Mundo - México;Internacional;junio 2025;Nothus Brew. Co.;Cero Cańa;Session IPA s/Alcohol;Bronce;Valdivia
Copa Mitad del Mundo - México;Internacional;junio 2025;Nothus Brew. Co.;Lillo Stout;Coffee Stout;Oro;Valdivia
Copa Mitad del Mundo - México;Internacional;junio 2025;Puesco;La Más Lager;Czech Pale;Oro;Curarrehue
Copa Mitad del Mundo - México;Internacional;junio 2025;Tamango Brebajes;Entre Caníbales;Czech Pils;Bronce;Santiago
Copa Mitad del Mundo - México;Internacional;junio 2025;Tamango Brebajes;Pantera;Imperial Stout;Plata;Santiago
Copa Mitad del Mundo - México;Internacional;junio 2025;Trippy;Mokatrip;Coffee Stout;Plata;San Pedro de la Paz
Copa Mitad del Mundo - México;Internacional;junio 2025;Tropera;Guadalina;Blonde Ale;Bronce;Puerto Varas
Copa Mitad del Mundo - México;Internacional;junio 2025;Tropera;Ranita de Darwin;Double IPA;Oro;Puerto Varas
La Pola Dorada 2025 - Colombia;Internacional;septiembre 2025;Ferisa;Belgian Blond;Belgian Blond Ale;Plata;
La Pola Dorada 2025 - Colombia;Internacional;septiembre 2025;Ferisa;BGSA;Belgian Golden Strong Ale;Plata;
La Pola Dorada 2025 - Colombia;Internacional;septiembre 2025;Nogg;Make it better;Hasy Ipa;Bronce;
La Pola Dorada 2025 - Colombia;Internacional;septiembre 2025;Puesco;La culpa del gringo;California Common;Bronce;
La Pola Dorada 2025 - Colombia;Internacional;septiembre 2025;Puesco;La Mas Lager;Czech Dark Lager;Oro;
La Pola Dorada 2025 - Colombia;Internacional;septiembre 2025;Tropera;Patagonia Multicolor;Belgian Blond Strong Ale;Plata;
World Beer Awards - Reino Unido;Internacional;agosto 2025;Kross;Stout;Oatmeal Stout;World’s Best;Curacaví
World Beer Awards - Reino Unido;Internacional;agosto 2025;Soko's;Cosmic Walk;Belgian Strong;World’s Best;Requinoa
World Beer Awards - Reino Unido;Internacional;agosto 2025;Tübinger;Irish Red Ale;Irish Red Ale;World’s Best;Pirque
World Beer Awards. Fase local - CHILE;Nacional;mayo 2025;860 Km2;Alerce;Dark;Oro Country Winner;
World Beer Awards. Fase local - CHILE;Nacional;mayo 2025;Agua & Sol;La Maravilla Es De Sanvi;Flavoured Wild & Sour Beer;Silver;
World Beer Awards. Fase local - CHILE;Nacional;mayo 2025;Altamira;Nitro Imperial Mocca Stout;Flavoured Stout & Porter;Bronze;
World Beer Awards. Fase local - CHILE;Nacional;mayo 2025;Altamira;Low Carb Lager;Light;Bronze;
World Beer Awards. Fase local - CHILE;Nacional;mayo 2025;Altamira;Amber Ale;Amber (Incl. Irish Reds);Silver;
World Beer Awards. Fase local - CHILE;Nacional;mayo 2025;Altamira;Banana Pancake;Bavarian Style Hefeweiss;Oro Country Winner;
World Beer Awards. Fase local - CHILE;Nacional;mayo 2025;Austral;Calafate;Fruit & Vegetable;Bronze;
World Beer Awards. Fase local - CHILE;Nacional;mayo 2025;Austral;Yagan Dark;Dark Lager;Oro Country Winner;
World Beer Awards. Fase local - CHILE;Nacional;mayo 2025;Austral;Torres Del Paine;Seasonal: Maibock/Helles Bock;Bronze;
World Beer Awards. Fase local - CHILE;Nacional;mayo 2025;Austral;Lager;International Lager;Bronze;
World Beer Awards. Fase local - CHILE;Nacional;mayo 2025;Becker;International Lager;International Lager;Oro Country Winner;
World Beer Awards. Fase local - CHILE;Nacional;mayo 2025;Bundor;Belzeboo;Imperial Stout;Silver;
World Beer Awards. Fase local - CHILE;Nacional;mayo 2025;Cuello Negro;Stout;Imperial Stout;Oro Country Winner;
World Beer Awards. Fase local - CHILE;Nacional;mayo 2025;Hernando De Magallanes;Puma;Belgian Style Triple;Silver;
World Beer Awards. Fase local - CHILE;Nacional;mayo 2025;Hernando De Magallanes;Stout;Stout (Incl. Dry and Irish);Silver;
World Beer Awards. Fase local - CHILE;Nacional;mayo 2025;Hernando De Magallanes;Porter;Strong Porter;Silver;
World Beer Awards. Fase local - CHILE;Nacional;mayo 2025;Kält;Amber Ale;Amber (Incl. Irish Reds);Bronze;
World Beer Awards. Fase local - CHILE;Nacional;mayo 2025;Kross;Berries;Fruit & Vegetable;Silver;
World Beer Awards. Fase local - CHILE;Nacional;mayo 2025;Kross;Pils;Hoppy Pilsener;Silver;
World Beer Awards. Fase local - CHILE;Nacional;mayo 2025;Kross;Golden;English Style Pale Ale;Silver;
World Beer Awards. Fase local - CHILE;Nacional;mayo 2025;Kross;Golden;Golden Ales;Silver;
World Beer Awards. Fase local - CHILE;Nacional;mayo 2025;Kross;Negra;Stout (Incl. Dry and Irish);Bronze;
World Beer Awards. Fase local - CHILE;Nacional;mayo 2025;Leyendas De Origen;Trauco;Amber/Dark Kellerbier & Rotbier;Silver;
World Beer Awards. Fase local - CHILE;Nacional;mayo 2025;Leyendas De Origen;Pincoya;Hoppy Pilsener;Bronze;
World Beer Awards. Fase local - CHILE;Nacional;mayo 2025;Loa;Minga Loca;American Style IPA;Oro Country Winner;
World Beer Awards. Fase local - CHILE;Nacional;mayo 2025;Loa;Entrenubes;Helles/Münchner;Bronze;
World Beer Awards. Fase local - CHILE;Nacional;mayo 2025;Loco Patrón;Muerte Súbita;American Style Pale Ale;Oro Country Winner;
World Beer Awards. Fase local - CHILE;Nacional;mayo 2025;Puesco;La Más Lager;Dark Lager;Bronze;
World Beer Awards. Fase local - CHILE;Nacional;mayo 2025;Soko's;Cosmic Walk;Belgian Style Strong;Oro Country Winner;
World Beer Awards. Fase local - CHILE;Nacional;mayo 2025;Soko's;Be Hoppy;Golden Ales;Silver;
World Beer Awards. Fase local - CHILE;Nacional;mayo 2025;Tamango Brebajes;Malibu;Imperial/Double/Dipa;Silver;
World Beer Awards. Fase local - CHILE;Nacional;mayo 2025;Tamango Brebajes;Corta Corriente;Milkshake IPA/New England IPA;Oro Country Winner;
World Beer Awards. Fase local - CHILE;Nacional;mayo 2025;Tamango Brebajes;Humboldt;Classic Pilsener;Silver;
World Beer Awards. Fase local - CHILE;Nacional;mayo 2025;Tamango Brebajes;Entre Caníbales;Czech Style Pale;Bronze;
World Beer Awards. Fase local - CHILE;Nacional;mayo 2025;Tamango Brebajes;Tamango Helles;Helles/Münchner;Silver;
World Beer Awards. Fase local - CHILE;Nacional;mayo 2025;Tamango Brebajes;The Green Room;Hoppy Pilsener;Oro Country Winner;
World Beer Awards. Fase local - CHILE;Nacional;mayo 2025;Tamango Brebajes;Sunset;Amber (Incl. Irish Reds);Silver;
World Beer Awards. Fase local - CHILE;Nacional;mayo 2025;Tamango Brebajes;Pantera;Imperial Stout;Bronze;
World Beer Awards. Fase local - CHILE;Nacional;mayo 2025;Tübinger;Tübinator;Strong;Oro Country Winner;
World Beer Awards. Fase local - CHILE;Nacional;mayo 2025;Tübinger;Irish Red Ale;Amber (Incl. Irish Reds);Oro Country Winner;
World Beer Awards. Fase local - CHILE;Nacional;mayo 2025;Von Menzel;La Chupilca Del Diablo;Flavoured Stout & Porter;Silver;
Copa Guaraní de Cervezas - Paraguay;correo;agosto 2025;;;;;
Copa Patagónica de Cervezas - Argentina;INTERNACIONAL;octubre 2025;Perro Ovejero;Oud Bruin;Oud Bruin;;Coyaique
Copa Patagónica de Cervezas - Argentina;INTERNACIONAL;octubre 2025;Nielsen Brewery;Alicia Molina;Spice herb or vegetable Punta Arenas;;Punta Arenas
Copa Patagónica de Cervezas - Argentina;INTERNACIONAL;octubre 2025;Maltok;New Zealand Pilsner;New Zealand Pilsner;;Puerto Natales
Copa Patagónica de Cervezas - Argentina;INTERNACIONAL;octubre 2025;Maltok;Experimental Colaborativa: Delito Beer Co, Vericcio;Experimental Beer;;Puerto Natales
Copa Patagónica de Cervezas - Argentina;INTERNACIONAL;octubre 2025;Maltok;Belgian dark strong ale;Belgian dark strong ale;PLATA;Puerto Natales
Copa Patagónica de Cervezas - Argentina;INTERNACIONAL;octubre 2025;Lifer;Spiece herb or vegetable;Spiece herb or vegetable;BRONCE;
Copa Patagónica de Cervezas - Argentina;INTERNACIONAL;octubre 2025;Lifer;Specialty Wood Aged Beer;Specialty Wood Aged Beer;ORO;
Copa Patagónica de Cervezas - Argentina;INTERNACIONAL;octubre 2025;Lifer;Irish Red Ale;Irish Red Ale;BRONCE;
Copa Patagónica de Cervezas - Argentina;INTERNACIONAL;octubre 2025;Lifer;Hazy IPA;Hazy IPA;BRONCE;
Copa Patagónica de Cervezas - Argentina;INTERNACIONAL;octubre 2025;La Grulla;Specialty IPA;Specialty IPA;ORO;Chile Chico
Copa Patagónica de Cervezas - Argentina;INTERNACIONAL;octubre 2025;La Grulla;Scottish Export;Scottish Export;BRONCE;Valdivia
Copa Patagónica de Cervezas - Argentina;INTERNACIONAL;octubre 2025;La Grulla;La Grulla;Catharina Sour;BRONCE;Valdivia
Copa Patagónica de Cervezas - Argentina;INTERNACIONAL;octubre 2025;La Grulla;American Stout;American Stout;BRONCE;Valdivia
Copa Patagónica de Cervezas - Argentina;INTERNACIONAL;octubre 2025;Experimento 163A;Irish Stout;Irish Stout;BRONCE;Punta Arenas
Copa Patagónica de Cervezas - Argentina;INTERNACIONAL;octubre 2025;Experimento 163A;David Riveros Strange;Doppelbock;ORO;Punta Arenas
Copa Patagónica de Cervezas - Argentina;INTERNACIONAL;octubre 2025;Chaki Beer;Walichu;Strong Bitter;BRONCE;
Copa Patagónica de Cervezas - Argentina;INTERNACIONAL;octubre 2025;CERVEZA REBELION;Brittish Golden Ale;Brittish Golden Ale;BRONCE;Chile Chico
Copa Patagónica de Cervezas - Argentina;INTERNACIONAL;octubre 2025;CERVEZA REBELION;American Stout;American Stout;BRONCE;Chile Chico
Copa Patagónica de Cervezas - Argentina;INTERNACIONAL;octubre 2025;Cerro Negro;International Dark Lager;International Dark Lager;PLATA;Coyaique
Copa Patagónica de Cervezas - Argentina;INTERNACIONAL;octubre 2025;Cerro Negro;American Amber ale;American Amber ale;BRONCE;Coyaique
